{"options":{"check_for_updates":true,"user_modified":null,"comment":null,"compatopts_for_requires":true,"compat_wrappedjsobject":false,"compat_metadata":false,"compat_foreach":false,"compat_powerful_this":null,"sandbox":null,"noframes":null,"unwrap":null,"run_at":null,"run_in":null,"tags":[],"override":{"use_includes":[],"orig_includes":[],"merge_includes":true,"use_matches":[],"orig_matches":["https://translations.myelan.net/xtrf/faces/dashboard2/dashboard.seam*","https://translations.myelan.net/xtrf/faces/dashboard2/genericBrowseIFrame.seam*"],"merge_matches":true,"use_excludes":[],"orig_excludes":[],"merge_excludes":true,"use_connects":[],"orig_connects":[],"merge_connects":true,"use_blockers":[],"orig_run_at":"document-end","orig_run_in":[],"orig_noframes":true,"orig_tags":[]}},"settings":{"enabled":false,"position":15},"meta":{"name":"XTRF – Dashboard Theme (parent + iframe) v1.4.1","uuid":"ab9563b5-7445-4528-a53c-4e8bac966209","modified":1765916632291}}