{"options":{"check_for_updates":true,"user_modified":1766084749711,"comment":null,"compatopts_for_requires":true,"compat_wrappedjsobject":false,"compat_metadata":false,"compat_foreach":false,"compat_powerful_this":null,"sandbox":null,"noframes":null,"unwrap":null,"run_at":null,"run_in":null,"tags":[],"override":{"use_includes":[],"orig_includes":[],"merge_includes":true,"use_matches":[],"orig_matches":["https://translations.myelan.net/xtrf/faces/dashboard2/genericBrowseIFrame.seam*"],"merge_matches":true,"use_excludes":[],"orig_excludes":[],"merge_excludes":true,"use_connects":[],"orig_connects":[],"merge_connects":true,"use_blockers":[],"orig_run_at":"document-end","orig_run_in":[],"orig_noframes":null,"orig_tags":[]}},"settings":{"enabled":true,"position":6},"meta":{"name":"Script 6 - Smart Views counters","uuid":"b9b5fbaa-2801-47c2-9779-f8e43239c6c5","modified":1766084749709}}