{"options":{"check_for_updates":true,"user_modified":1765881305219,"comment":null,"compatopts_for_requires":true,"compat_wrappedjsobject":false,"compat_metadata":false,"compat_foreach":false,"compat_powerful_this":null,"sandbox":null,"noframes":null,"unwrap":null,"run_at":null,"run_in":null,"tags":[],"override":{"use_includes":[],"orig_includes":[],"merge_includes":true,"use_matches":[],"orig_matches":["https://translations.myelan.net/*"],"merge_matches":true,"use_excludes":[],"orig_excludes":[],"merge_excludes":true,"use_connects":[],"orig_connects":[],"merge_connects":true,"use_blockers":[],"orig_run_at":"document-end","orig_run_in":[],"orig_noframes":true,"orig_tags":[]}},"settings":{"enabled":true,"position":3},"meta":{"name":"Script 3 – Empty widget congratulations","uuid":"09f673ae-38c1-4ae4-abe3-db0a24e75a6c","modified":1765881305218}}