{"options":{"check_for_updates":true,"user_modified":null,"comment":null,"compatopts_for_requires":true,"compat_wrappedjsobject":false,"compat_metadata":false,"compat_foreach":false,"compat_powerful_this":null,"sandbox":null,"noframes":null,"unwrap":null,"run_at":null,"run_in":null,"tags":[],"override":{"use_includes":[],"orig_includes":[],"merge_includes":true,"use_matches":[],"orig_matches":["https://translations.myelan.net/xtrf/faces/dashboard2/dashboard.seam*","https://translations.myelan.net/xtrf/faces/dashboard2/dashboard.seam*#!/detail/*"],"merge_matches":true,"use_excludes":[],"orig_excludes":[],"merge_excludes":true,"use_connects":[],"orig_connects":[],"merge_connects":true,"use_blockers":[],"orig_run_at":"document-end","orig_run_in":[],"orig_noframes":true,"orig_tags":[]}},"settings":{"enabled":true,"position":11},"meta":{"name":"Script 4 - Dashboard Theme","uuid":"5f06a0ba-d14b-41c0-a508-15e87da254a9","modified":1765867259249}}